{"yaw": -4.939877298218623, "pitch": 7.656331924157229}