{"yaw": -2.602824977530979, "pitch": 4.413410197419441}